patient_id,first_name,last_name,gender,birth_date,phone_number,email,registration_date
1,Donald,Taylor,Male,1966-07-29,590-590-4691,tayala@jimenez.com,2023-06-04
2,Donna,Oconnor,Male,1978-11-18,304-621-8352,bmartinez@garcia.com,2024-06-01
3,Victoria,Washington,Male,1950-05-22,895-766-5776,huntergonzalez@dean-rios.org,2023-11-17
4,Jose,Thompson,Other,1969-12-07,501-140-1409,jillporter@castro.net,2022-12-18
5,Lisa,Bryant,Male,1977-11-27,914-970-5923,richmondjason@rivera.info,2025-06-10
6,Garrett,Lewis,Other,1975-12-18,918-150-5167,lbernard@curtis.com,2023-05-21
7,James,Lee,Male,1963-02-12,909-240-8321,johnsonkendra@hotmail.com,2024-06-22
8,Jason,Acosta,Male,1979-11-04,915-828-8446,zharper@roberts.com,2023-04-02
9,Vincent,Smith,Male,1986-05-23,130-524-5350,perezchris@serrano-mcbride.org,2023-07-25
10,Karen,Escobar,Male,2002-12-03,570-686-9496,karenjenkins@ortiz-schmidt.com,2025-06-05
11,Michelle,Ponce,Other,1973-03-31,631-316-3191,keithrebecca@yahoo.com,2024-03-14
12,Robert,Woodard,Male,2000-03-08,200-551-8244,joshua96@hotmail.com,2023-04-30
13,Lisa,Rogers,Male,1943-04-11,846-743-2750,lyonslori@frazier-burton.com,2022-11-19
14,Nicole,Farley,Other,1955-02-22,121-953-2403,rbryant@russell.com,2025-06-11
15,Michael,Jones,Male,2015-04-22,637-775-2662,wilsonjustin@callahan-lutz.com,2025-01-04
16,Paul,Riley,Female,1992-10-30,946-607-1643,taylornguyen@hotmail.com,2023-08-29
17,Lauren,Bridges,Male,1944-07-05,750-327-9198,emilycameron@yahoo.com,2025-01-19
18,Luke,Gomez,Other,1971-04-10,349-829-3937,kterry@wilson.com,2022-11-02
19,Sandra,Savage,Female,1982-06-30,187-569-4920,jessica45@walker-jenkins.info,2025-03-02
20,Linda,Wagner,Other,1988-06-22,825-855-6640,greenryan@yahoo.com,2025-01-20
21,Angela,Alexander,Female,2022-03-05,261-486-9399,duncanlinda@clarke.com,2024-02-07
22,William,Sandoval,Male,1978-11-17,141-143-9682,sara42@garcia-erickson.com,2024-08-21
23,Alan,Ortiz,Female,2000-10-23,913-789-1525,kathleen08@diaz.com,2023-03-19
24,Kristina,Scott,Male,1989-05-10,341-602-3157,oneal@simpson.info,2024-09-26
25,Christopher,Phillips,Female,1950-09-10,830-792-1808,charles11@palmer-humphrey.org,2023-10-11
26,Shannon,Wilson,Male,2022-11-20,917-242-7195,panderson@webb.net,2023-07-14
27,Karen,Fitzgerald,Female,1984-10-27,924-849-1315,bjacobs@gmail.com,2024-06-26
28,Matthew,Smith,Male,2006-08-29,707-596-6811,mitchell52@hotmail.com,2023-12-05
29,Lori,Cruz,Female,2023-11-27,199-267-8217,matthewflores@yahoo.com,2023-05-06
30,Carrie,Jacobs,Male,1954-02-16,544-215-1903,hensleyricardo@malone.net,2023-08-09
31,Marilyn,Flores,Other,1973-03-29,511-248-7378,anna00@gray.info,2023-04-09
32,Brian,Sanchez,Other,1945-12-26,984-279-1669,abigailmunoz@mullins.org,2025-04-20
33,Christine,Cruz,Other,1954-11-04,834-500-8571,christina93@yahoo.com,2022-11-29
34,Jennifer,Sanders,Male,1960-07-20,986-474-6274,rachel76@wood.net,2024-06-19
35,Natalie,Williams,Female,1936-09-27,959-911-9657,kelli39@yahoo.com,2024-09-24
36,Susan,Lopez,Other,1979-08-09,579-346-8355,burchsandra@hayes.com,2023-08-03
37,Joshua,Freeman,Female,1987-01-12,546-900-9717,elizabeth23@stevens.net,2022-10-02
38,Sandra,Campbell,Female,2019-04-21,274-446-7877,efitzpatrick@singh-ross.biz,2022-09-05
39,Douglas,Walters,Female,1981-08-02,328-266-7276,abaldwin@hotmail.com,2024-04-30
40,Jenna,Stephenson,Other,2017-03-10,683-502-3588,lucas61@hotmail.com,2023-03-06
41,Kristin,Johnson,Other,1954-09-16,678-804-3217,emilycarr@yahoo.com,2023-04-29
42,Karen,Blevins,Male,2002-02-03,198-119-5541,vmay@gmail.com,2023-01-25
43,Rebecca,Wilson,Other,1995-11-28,841-382-9827,ralphaguirre@baldwin-henson.biz,2023-11-05
44,Ricky,Lee,Female,2001-11-10,805-195-6969,williamskatrina@livingston-quinn.info,2023-02-22
45,Ruth,Brown,Other,2024-05-06,237-926-5505,wilsonerika@bishop.com,2023-01-06
46,Brandon,Gonzalez,Other,1963-01-20,929-632-9129,allison15@yahoo.com,2024-09-02
47,Cassandra,Gillespie,Female,1936-07-08,530-304-7102,levans@haas.com,2024-11-09
48,Morgan,Pearson,Male,1950-05-15,765-329-9020,haydenjoseph@rosario.org,2023-04-24
49,Robert,Glover,Female,2006-04-26,144-251-6995,xmcguire@hotmail.com,2022-09-09
50,Kimberly,Romero,Other,1967-01-16,927-667-9915,johnsonadrian@yahoo.com,2022-12-24
51,Colleen,Todd,Other,1943-03-25,870-439-9693,amanda12@ayala-miles.com,2023-12-03
52,Willie,Johnson,Female,1943-03-24,209-621-4296,jessica89@yahoo.com,2023-08-07
53,Daniel,Wallace,Female,1970-09-13,589-986-6870,jenniferhunter@ortiz-benton.com,2023-04-07
54,Kenneth,Smith,Female,1986-04-17,719-787-8156,ugross@hill.info,2025-02-14
55,Richard,Ellison,Female,1992-11-02,995-267-9927,meredithdelgado@hart-simmons.org,2022-07-13
56,Jenny,Williams,Female,1983-03-10,313-538-2125,garciavictor@smith.com,2023-02-09
57,Kim,Murray,Other,1966-12-29,623-171-2350,kenneth02@brown.com,2023-11-11
58,Marvin,Mitchell,Other,1934-07-17,682-392-3299,munozcassandra@gmail.com,2024-05-14
59,Robert,Jacobs,Male,1968-08-25,242-341-3719,vdavis@yahoo.com,2023-03-01
60,Karen,Conner,Female,1939-05-09,892-124-5922,huffmanglen@hotmail.com,2023-12-10
61,Joshua,Hess,Male,1938-08-05,609-265-1144,tara53@taylor-scott.biz,2022-12-31
62,Michele,Berry,Other,1978-11-18,197-874-4683,uhunter@schroeder.info,2022-10-03
63,Natasha,Jones,Other,2002-12-05,779-850-3164,david34@gmail.com,2025-02-19
64,David,Macdonald,Female,2000-08-10,244-514-3061,tuckerjoseph@hotmail.com,2023-07-11
65,Nicole,Burgess,Female,2001-11-21,126-843-2644,morriskelly@yahoo.com,2025-05-24
66,Cheryl,Garcia,Female,2024-04-18,465-865-4657,tabitha23@levy.com,2025-03-26
67,Nicole,Thomas,Male,2021-07-24,569-653-8940,lbullock@yahoo.com,2023-07-08
68,Lauren,Lang,Male,1983-04-10,219-194-3759,bsmith@gmail.com,2023-12-15
69,Charles,Ingram,Male,2020-10-29,568-301-7210,christopher03@wilson-stevenson.com,2023-01-24
70,Ryan,Nielsen,Other,1938-09-27,833-771-6441,valerieeaton@gmail.com,2023-11-19
71,Keith,Nelson,Female,1950-01-13,845-276-5269,xthompson@white.net,2023-03-01
72,Susan,Barrera,Male,1995-12-08,275-854-4166,marksbrittany@hotmail.com,2024-12-24
73,Gabrielle,Best,Female,1942-02-28,623-278-9378,millerjamie@kidd.com,2023-01-27
74,Jonathan,Moore,Other,1950-07-11,880-661-2914,newmanrichard@hotmail.com,2024-03-23
75,Joseph,Morse,Female,1960-08-02,567-472-6229,zacharyorr@gmail.com,2025-04-19
76,Alison,Gilbert,Male,2013-04-25,210-430-4433,jboyd@sutton.com,2023-01-09
77,Patricia,Bell,Other,2011-02-04,437-287-4285,jilliancoleman@adams.com,2022-09-05
78,Crystal,Smith,Female,2003-03-25,319-763-8405,imay@yahoo.com,2024-02-22
79,Thomas,Fisher,Other,1953-07-01,270-947-4478,heather04@yahoo.com,2022-08-31
80,Joe,Torres,Female,1989-12-22,226-545-9779,andrewmccarty@hotmail.com,2024-05-26
81,Amanda,Wells,Male,1935-05-31,829-767-2274,phillipschris@yahoo.com,2024-09-27
82,David,Mitchell,Other,1998-09-09,835-511-3386,millerpedro@nichols.com,2022-10-01
83,Jennifer,Hardy,Male,1958-08-28,306-630-4146,qgordon@gmail.com,2023-12-13
84,Donald,Williams,Male,1964-09-15,315-715-8020,amandamorton@yahoo.com,2024-06-29
85,Rick,Hansen,Male,2001-09-21,126-600-8734,tnelson@boyer.com,2024-06-24
86,Vanessa,Melton,Male,2010-07-16,131-844-6462,elizabethaguilar@carroll-nguyen.info,2024-10-19
87,Andrew,Miles,Other,1996-04-29,697-142-8217,jessica44@robles.biz,2023-03-04
88,Nicole,White,Other,1996-11-09,123-922-5762,christopher60@walsh-dickerson.com,2024-06-17
89,Paula,Brown,Male,2019-01-10,487-955-6339,gmeyer@hotmail.com,2023-09-09
90,Jillian,Cisneros,Male,1936-01-13,288-612-4792,samanthabooker@hotmail.com,2024-05-18
91,Harold,Smith,Male,1942-02-23,344-490-3461,teresaschwartz@yahoo.com,2023-02-18
92,Jeffrey,Graham,Male,1943-03-01,334-706-2264,zwilliams@williams.biz,2023-06-02
93,Jessica,Newton,Other,2023-01-12,559-946-9232,williamscrystal@gmail.com,2023-05-22
94,Audrey,Curtis,Male,1940-10-07,840-798-5227,bmay@anderson.com,2023-12-02
95,Ronald,Mccullough,Male,1940-06-05,794-797-9240,xcarter@gmail.com,2024-06-07
96,Janet,Jones,Other,2007-01-24,346-247-5980,elizabethpeterson@martinez.com,2024-10-04
97,Sarah,Garcia,Female,1978-08-08,791-989-7270,jennifer34@horton-morrison.net,2024-10-25
98,Melissa,Kelley,Female,2022-03-12,495-643-8391,joneschristopher@drake.biz,2022-10-28
99,Douglas,Russell,Female,1984-04-10,813-983-4949,johndiaz@thomas.org,2024-12-29
100,Brendan,Oconnor,Female,1992-07-07,391-387-1873,matthewfox@montoya-turner.com,2025-03-10
